review,stars,date
친구들 3명에서 급하게 예약을 했던 숙손데 와.. 우선 프론트 직원님들.. 진짜 너무 친절해서 기분이 좋았습니다. 2박3일 일정이였는데 기분좋게 하루를 시작했고 숙소 위치도 그냥 완전 좋아요..!!!!! 애월은 마스터했습니다. ㅋㅋㅋㅋ 위치 금액 시설이용 서비스 위생 뭐 하나 빠지는거없이  (친구들도인정) 너무 편하게 잘 쉬다가 갑니다 ㅎㅎㅎ 후기 잘 안쓰는데 여기는 꼭 쓰고싶어서 이렇게 남깁니다!오늘도 좋은 하루 되세용:)🍀,5,2024.07.13
완전 굿굿 꼭 오션뷰로 하세요 ! !!!!!곽지해수욕장 바로 앞이에요!뷰 짱 좋고 너무 맘에 드는 숙소였어요 !  침구도 깨끗하니 보송보송하고 사각사각 바스락 소리나는 딱 호텔 침구라 저는 좋았는데 귀 예민한 부모님은 시끄러워서 잠을 못 주무셨다네요ㅠㅠ ..ㅎㅎ 예민한분들 참고하세요그리고 주변 식당들이 일찍 문을 닫아서10분정도 걸어가서 포차에서 맥주 한잔과 식사했네요! 저는 완전 만족하고가요 !!!,5,2024.02.27
"곽지 해수욕장에서 해수욕하고 놀기 넘 좋아요~ 뷰도 끝내주고 숙소 올라오는 계단 위에 샤워기로 모래도 씻을 수 있고 방도 작지 않고 침구도 깨끗하구요!! 침대 두개 붙여서 아이가 떼굴떼굴 굴러다니며 잤네요^^ 그리고 물놀이용품 없어도 구명조끼, 튜브, 돗자리, 모래놀이 등 다 빌려사용할 수 있어서 넘 좋았어요~~담에 꼭 또 가려구요^^ 잘 지내다 갑니다^^",5,2024.09.03
7년전에 왔을때랑 별반 다르지 않아서 깜짝 놀랐어요!바닷가 앞이라 숙박객들도 대부분 바다에서 놀다가 오실분들이 많으실것같은데 복도며 객실이며 깔끔해서 좋았어요.아기랑 간다고 말씀드렸더니 침대도 붙여주시고덕분에 아기 떨어질 걱정없이 셋이서 편하게 잤어요ㅎㅎ바다에서 재밌게 놀고 숙소가 가까우니 너무 좋아요!7년전 여행때도 좋았는데이번에도 즐겁게 하루 지내다 가요!고맙습니다~,5,2024.08.31
간만에 다시 들른 마레보비치호텔. 체크인/입실을 밤10시에 하는바람에 1층에 배정되어서 살짝 아쉽긴 했지만. 그래도 오션뷰는 좋아요~ 공영주차장 일부 공사중인 거 빼면 뷰는 이쁩니당ㅎㅎ 객실도 대체적으로 깔끔한 편이고 직원분도 친절하고 좋습니다. 다음에 제주 오게되면 또 들릴께요~!,5,2024.01.29
부대시설이 좋았어요~치약이랑 칫솔 .로션까지 구비되어 있어 넘좋았어요 아이들과 부모님 이 같이 가니 침대 배치도 넓게 쓸수있게 해주셔서 좋았고 ~객실서 음식도 먹을수 있다고하셔서 좋았어요~바로앞 바닷가라 산책하기도 좋아요.편의점도 바로앞에 있어요,5,2024.09.19
부대시설이 좋았어요~치약이랑 칫솔 .로션까지 구비되어 있어 넘좋았어요 아이들과 부모님 이 같이 가니 침대 배치도 넓게 쓸수있게 해주셔서 좋았고 ~객실서 음식도 먹을수 있다고하셔서 좋았어요~바로앞 바닷가라 산책하기도 좋아요.편의점도 바로앞에 있어요,5,2024.09.19
위치도 좋고 경치는 더 좋은데 도보로 식당 찾기는 좀 애매하더라구요 객실도 욕실도 깨끗하고 다 좋은데 침대 매트리스가 좀 많이 흔들리고 다음 날 허리가 좀 아프더라구요 뭔가 조금 아쉬웠어요,4,2024.10.06
"오션뷰도 좋고 침대 쿠션도 좃고 숙면을 축한 하룻밤이였네요..방크기가 조금작고 디저트가 안보여서 아쉬웠어요..아침에 일어나 모닝커피를 못마셨네요....곽지해수욕장이 바로 코앞이라  바다는 실컷봤습니다, .친구들이 넘넘 잘 잡았데요..다음에 또 찾고 싶네요.ㅎ",4,2024.06.02
좀 연식이있는 복도가 당황스러웠지만내부와 뷰가 대만족이였습니다프론트 직원분들과 객실담당하시는분들도 모두모두 친절하셨어요한가지 아쉬운점은 수건이 좀 많이 낡았어요 수건이 교체되면 어떨까 싶었어요그리고 냉장고문고리가 부러져있던데 교체하시길 ㅋ마지막으로 객실에 커피나티가 없어서 아쉬웠습니다하지만 이가격에 이런뷰는 정말 대박이였고 잘쉬었다갑니다,5,2024.06.01
곡지 해수욕장이 바로 앞에 있고 바다뷰라 아주 좋아요 편의점도 가깝고 주변 맛집도 많고 만족합니다. 4인가족으로 가니 객실이 좀 좁아서 아쉽긴했지만 만족스런 하루 였습니다 ^^,4,2024.10.07
프론트 여직원분 넘친절하시고 객실 수건.침실정리 등 잘해주셔서 3박동안 기분좋았습니다.튜브바람넣는거.탈수기.세탁실 다 있어서 넘편했어요~곽지로 온다면 무조건 마레보비치에 머물 예정입니다,5,2024.07.31
가성비 좋은 숙소였어요. 사진보다 규모가 작은거 같긴 했지만 관광하고 잠만 잘거라 상관 없었어요.직원분들이 모두 친절하시고 좋았어요.객실에서 바다도 잘 보이고 편의점도 가까이 있어 편했어요.,5,2024.02.07
바다도 잘 보이고 좋았습니다.냉장고는 냉동까지 되는것이라 더 좋았습니다. 아쉬운 점은 타월이 한 장은 그래도 하얀 편인데 다른 한 장은 회색이어서 사용할까말까 컴플레인을 해야하나 고민이 될 정도였습니다.,4,2023.11.24
바로 앞이 곽지해수욕장입니다!!침대에 누워서 바다멍때리기 너무 좋아요~침구가 딱딱한거 빼고는 모듀 만족이었습니당,5,2024.09.24
전망이 좋아요 바로  앞에  바닷가라 언제든디 갈수 있고 조용해서 다음엔 오래머물면서 힐링할까 합니다,4,2024.09.26
조용하고 곽지해수욕장 안에 있어서 뷰도 좋고요.공항 가까이 있어서 접근성도 좋습니다. 관리가 아주 잘된 느낌이에요~ 바로 앞에 편의점도 있고 완전 만족해요!!!,5,2024.06.07
저녁 아침 직원분들 정말친절하셨어요 웃는얼굴밝은목소리 ㅎ여름에가면 해수욕장바로앞이라 좋을거같아요,5,2024.05.02
일부로 잡은 오션뷰인데 비가와서 아쉬웠어요 ㅎㅎ청결은 청소하시는 분께서 깔끔하게 해 주십니당침구 오염 있어서 교체 요청해드렸는데 확인 후 청결하게 바꿔주셨어요! 감사합니다,4,2024.06.22
아주 친절하셨고 3연박 했는데 불편함 전혀 없었습니다. 바로 앞 바다도 예쁘고 바로 옆에 편의점도 있어요. 다음에도 또 오고싶네요,5,2024.06.10
곽지에서 숙박은 처음인데 나름편의시설도 있고 식당도있고 괜찮더라구요~~!!바다까지 접근성이 좋아 여름철 숙소로 추천해요~~!!,4,2024.08.04
"가성비 최고 숙소였어요!!!먼저 직원분들 너무나 친절하시고  웰컴 커피  맛있어서 물어보니 커피콩이 비싼거더라고요여기 커피맛집인듯!퇴실할때  먹은 라떼랑   직접 담그신 청귤청으로 만든 에이드도 진짜  맛있었어요4인가족 패밀리 스위트에 머물렀는데 레지던스호텔처럼 인덕션, 가스렌지, 싱크대 갖추어져 있었어요  냉장고도 나름 컸구요거실에 스타일러 있어서 외출 후 옷관리 했구요방에  트원 침대  2대 있어 4인가족이 넓게 이용하기 좋았어요  침대 편하고 침구류 포근하고 편해서 꿈잘잤어요  온돌로 바닥도 따뜻하고 공기도 따뜻해서 편히 잘 쉬었어요물론 청소상태도 좋았구요  주변에 카페,식당 가깝고 곽지 해수욕장 바로 앞이라 위치도 좋았어요  여름에 가면 물놀이 하기에도 좋겠더라고요2박 모두 머물렀는데 돌아올 때 더 있고 싶어서 많이 아쉬웠어요다음에도 또  방문 예정이랍니다",5,2023.01.01
와 정말 추천해요. 3박4일 제주 첫날 숙소였는데 침대가 일단 무지 푹신하고 편하고 깨끗해요. 걸어서 1분거리 해수욕장이라 그냥 수영복입고 바로 바다안에 들어가서 나와서 숙소에서 씻기도 편햇습니다. 뱅기타고 첫날 열심히 놀아서 피곤햇는데 담날 푹자고일어나서 컨디션좋았어요. 글고 카운터분들이 무지 친절해서 또한번놀랏어요. 사장님들인지 모르겠지만 서계신분들마다 친절하시고 커앤크도 맛있게 먹엇습니다. 24시 언제든 시킬수있다는 편리함.. 주차장도 지상.지하 넓어서 여유있어서 좋구요. 진짜 너무강추합니다. 시설.깨끗.친절. 너무너무 강추합니다.,5,2022.06.20
방사진은 미처 못찍고.테라스뷰 좋아요.해수욕장이 가까워서 선택했는데 너무 좋네요.직원분들 너무너무 친절하셔서 반했어요.바닥이 카페트인걸 좋아하지 않아서 좀 불편했어요.이건 제대로 확인안한 제불찰이구요.욕조는 없지만 화장실이 커서 씻고할때 편했어요.그치만 칸막이 밑으로 물이 튀어서 세면대밑쪽이 물바다가 됐는데 경사가 없었나봐요.아침까지 물이 흥건하더라구요.어매니티도 충분하고 만족해요.싫어하는 카펫바닥임에도 재방문의사 있어요.,5,2022.08.18
"호텔에서 도보 2분 거리에 바다가 있어요! 바깥에 바로 편의점이 있고 주차가 지상과 지하가 다 있어서 불편함이 없었어요! 오션뷰 객실로 업그레이드도 해주시고 프론트에 계시던 중년 남성 두분, 오전에 계시던 여성분 모두 다 정말 친절하셨습니다 너무 깍듯하셔서 같이 90도 인사 하구 나왔네요 😂😂 객실 내부는 약간 호+모텔 느낌이지만 1박 투숙하기엔 편했습니다!",3,2022.10.27
2박 디럭스트윈 예약하고 당일 방문했는데 사장님께서 성인 4명이라고 (아무 조건없이 ㅎ) 스위트룸으로 업그레이드해주셔서 너무 깨끗하고 편하게 지내고 왔습니다.곽지해수욕장 바다도 보이고 호텔에서 밤에 가보니 바로 앞이라서 야경 즐기기에도 넘 좋았습니다.가족 여행 즐거운 추억이 되었네요.감사드립니다. 번창하시길 기원드립니다^^,5,2023.01.12
체크인 전에 짐보관 가능해서 덕분에 편하게 여행했어요! 프론트 직원분들도 친절하시고 꼼꼼하게 안내해주셔서 불편한점 없이 이용했습니다.곽지해수욕장까지 굴러가도 될정도로 코앞이라 바다구경도 실컷하고 오션뷰 묵었는데 애매한 오션뷰 아니고 정말 바다가 바로 보여요!그리고 기분탓인지 모르겠는데 더블침대가 다른 숙소에 비해 조금 더 큰 느낌이였어요 둘이잤는데도 하나도 안좁고 넉넉했습니다.수건도 큰사이즈 / 작은사이즈 각각 인원수대로 비치해주셔서 넉넉히 사용했어요.침대 사이에 콘센트 없는거랄 방에 벽쪽으로 붙어있는 붙박이테이블(?) 외에 따로 뭔가 먹거나 할 수 있는 테이블이 없어서 아쉽긴했는데 그 외에는 컨디션 다 좋아서 만족스러웠습니다! 다음에 또 묵고 싶은 숙소였습니다!! 마레보비치 리조트랑 호텔 두개 있어서 택시타고 갈때 헷갈리지말아야겠더라구용,5,2023.01.16
이런거 잘 안쓰는데 숙소위치가 해변앞이라 걱정햇는데 관리 진짜 잘되있어요 가성비도 좋고 해변도 가까운거도 좋고 동네 자체가 이쁘고 맛집도 많아요 현재 신*월*인데 가격은 반값인데 다음엔 마레보호텔 쭉 있으려고요 추천합니다,5,2022.07.26
호텔 뷰는 말할거 없이 좋고 호텔바닥이 온돌이라 히터기처럼 소음이없고 눈이건조하지않아 아주 좋았어요.하지만 샤워할때 물이 안빠져서 식겁했어요.다좋을순 없지만 운이없다기엔 심각한문제라 다소 아쉬웠네요.그래도 주변식당가도 많고 산책하기에도 아주 좋은 숙소라 생각합니다.가성비 굳~,4,2022.04.06
"곽지해수욕장 코 앞에 있어서 놀기 너무좋아요.놀다가 조금 휴식하다가 또 놀고 하면되서 아이랑 놀기가 너무 좋았어요. 숙소도 깔끔하고, 화장실 바닥이 미끄럽지 않고 금방마르는 재질이라 습하지 않고 좋네요. 주차장이 지하인 것도 너무좋아요 비올때나 너무 더울때 주차장이 지하에 있어서 참좋았어요.근처에 애월빵공장이나 버거리도 있어서 너무 좋았습니다",5,2023.08.08
객실에서 바라보는 오션뷰는 진짜 너무 환상적이었어요직원분들도 친절하시고객실은 우선 화장실은 수압이 약한거 말고는 전반적으로 좋았고객실은 커텐이 (밑에)  곰팡이 핀거같이 시컴하고 곳곳에 오래되보이는 오염물질이ㅜㅜ난방은 히터였는데 건조해서 베란다문을 살짝열고 잤어요!!전반적으로 나름 만족한 숙소였습니다.,5,2022.03.30
숙소가 깨끗하고 직원분들도 친절했고 무엇보다 뷰가 너무 좋았어요! 바로 앞 곽지해변도 예쁘고 주변 카페나 술집들도 분위기 있어요. 또 방문하고 싶네요~ 다만 화장실은 문이 샤워부스문 같아서 방음이 안된다는 단점이.. 다른건 다 좋았습니다~,5,2023.05.31
여사장님이 엄청 밝으십니다.진짜 보는사람 기분 좋아지는 느낌을 받았습니다.시설 또한 아주 깨끗하고 뷰가 정말 좋았습니다.앞에 편의점도 가깝고 곽지해수욕장앞이라 뷰도 좋은점 참고하시고 다들 예약가즈아 ㅎㅎ사장님 생각나서 리뷰남기러 들어왔네요ㅎㅎ,5,2023.03.21
일단 너무 넓고 모던한느낌 좋았어요역시 바다뷰...아침에 뛰노는 고양이와 개도 구경 잘 했습니다 ㅎㅎ욕실에도 물때하나없이 깨끗했고 수건양도 넉넉했어요소음도 없었어서 재방문의사 있습니다,5,2022.10.18
해변 바로 앞이라 해수욕을 즐기고 돌아온 손님들에 의해 호텔 로비랑 엘리베이터가 지져분해지기 쉬운데 계속 청소를 하시더라구요. 그 부분 역시 감동.,5,2022.08.12
6명이서 갔는데 방3개라 딱 좋구 너무 좋았어여 뷰가 진짜 좋구요 청결해요 4월말에 일반 객실 와보고 괜찮아서 스위트 객실 예약했는데 스위트는 진짜 좋네여 비싼 값을 하네요 담에 기회되면 또 스위트객실 이용하고 싶어요,5,2023.07.05
엄청 친절합니다.친절한 만큼 숙소도 좋을거다 예상했는데예상대로 몹시 좋습니다. 방문객 마저 기분 좋아지게응대해주시는 곳은 너무 오랜만이라 쌍따봉 드립니다.재방문 의사 있습니다.,5,2023.06.21
"직원분들이 엄청 친절하시고호텔 위치, 분위기 다 최고입니다.가족여행으로 갔고 다시 또 애월을 가면 무조건 여기서 묵을 것 같아요",5,2022.08.12
스탭분들 친절하시고 편하게 이용했어요테라스 딸린 방 이용했는데 테라스쪽이 구멍뚫린 바닥이라서 거기서 냄새가 좀 나는거 같더라구요객실에서도 습기 때문인지 좀 쿰쿰한 냄새가 난다고 할까요ㅜㅜ 그것만 제외하면 편하고 아늑하고 제주를 충분히 즐길 수 있었어요!!,4,2023.07.01
"매번 제주 여행때마다갔는데, 이번엔 청소도 안된 방을 줘서 불쾌했어요~비슷한 방이 없어 업그레이드 시켜줬지만, 조금 실망이었는데 방을 보고 기분이 풀렸네요~",4,2023.05.13
너무좋았어요 룸컨디션도 깨끗하고 좋았고 감각적인 인테리어와 노을지는 해변뷰도 너무 멋졌습니다 곽지해수욕장이 코앞이고 주변에 맛집도 꽤 잇엇고 도보5분거리에는  무인제주 해변뷰 칵테일바도 있어서 밤에 다녀오기 좋앗어요 :),5,2023.07.13
테라스도이쁘고 방도깔끔하고너무좋았어요ㅎㅎ 근데 체크인한날은 날씨가정말안좋았는데떠나는날해가쨍쨍이더라구요ㅠㅠㅋㅋㅋ 짐정리하면서더있고싶다는생각뿐일정도로너무만족한곳이었습니다!!,5,2023.04.09
제주 갈때마다 들리는 곳입니다. 이번에 리모델링을 하셔서 로비도 바뀌고 욕실도 바뀌고 더 좋아졌네요. 방에 공기청정기까지~ 직원분들도 넘 친절하셔서 아주 편하고 즐겁게 있다 왔습니다. 담에 제주갈 때 또 이용하겠습니다^^,5,2022.05.11
아침에 일어날 때마다 바다가 바로 보여 기분이 저절로 좋아질 만큼 좋은 기억으로 남은 여행이었습니다.호스트분들 모두가 친절하셔서 다음번에도 제주도를 여행한다면 들리고 싶은 숙소입니다!!,5,2022.02.26
"지인이 방문해서 호텔을 예약해줬는데, 이불이 넘넘 푹신해서 좋았다고 하네요~~ 그런데 벌레가 있어서 깜짝 놀랐대욯ㅎ 성수기라 객실 교환도 안되고ㅠㅠㅠ 에프킬라 하나 받았다고 합니다ㅠㅠ 암튼 바로 앞이 곽지해수욕장이라 그게 가장 만족스러웠다고 하네요!!",3,2022.07.27
"작은 방이지만 있을거 다있고, 실속있었으며친절도 매우 좋고,주변 식당도 적당히 있고, 배달도 되서 편했습니다.먼지가 좀 있어서 청결도는 조금 아쉬웠습니다!",5,2023.06.13
일단 뷰가 넘 좋아서 만족합니다근처 식당 편의점이 가까이에 있어 편리했어요토끼띠 인증이 있어 커피랑 빵도 서비스 받았구요맛도 좋았답니다뷰는 진짜 좋아용~~^^ ㅎ,5,2023.03.02
2박했습니다. 청소도 잘되어있었어요  다만 제가 묵은 곳에서  주차장까지 가기좀 불편했어요.. 그거외엔 다 만족합니다. 특히 직원분들 정말 친절하십니다.,5,2022.08.28
오션뷰 너무 좋았고 바다랑 가까워서 너무 좋았습니다!! 바로 앞에 편의점도 있고 카페들도 있어서 좋았던 것 같아요 ~~ 직원분들 모두 친절하셔서 기분 좋게 다녀왔습니다! 재방문의사 있어요 😄,5,2022.07.03
위치도 너무좋고 프론트직원분들도 엄청 친절하네요 2박했는데 잠깐 비운사이에 청소도 깔끔히 해주시고 침대도 편해서 좋네요3성급이라고 힌지만 다음에도 또 이용하고 싶네요,5,2023.08.08
오션뷰 가운데 나무가 있어서 처음에는 잉?! 싶고 아쉬웠지만 은근 왼쪽 오른쪽 나눠서 보는 맛이 있더라구요ㅋㅋㅋ 객실 굉장히 깨끗했고 직원분들이 친절하게 응대해주셔서 기분이 좋았습니다ㅎㅎ,5,2023.06.23
간만에 편안하고 아름다운 바다를 보면서 휴식을 보낸곳인것 같습니다다음에 꼭 다시 방문해서 즐거운 여행을 또 한번 즐기고 싶습니다,5,2023.04.13
곽지해수욕장 옆에 위치하고 있어 창문 너머 보이는 바다풍경이 일품.깨끗하고 시설이 잘 되어있어 만족한 여행이었습니다.다시 머물고 싶은 호텔,5,2023.04.11
생각지도 못했는데 객실을 업그레이드 해주셔서 바다 보이는 방에서 너무 편하게 잘 쉬고 왔어요ㅎㅎ그리구 바로 앞이 곽지해수욕장이라 산책하기도 좋네요~~🥰,5,2023.01.20
공간은 많이 넓지 않지만 다른 장점이 많은 숙소였어요. 뷰가 좋아 테라스에서 앉아서 바다를 보고 있는 걸로도 충분히 만족할만한 곳이었습니다. 인테리어도 예쁘고 피자 룸서비스도 맛있었어요.,5,2022.09.27
위치가 곽지해수욕장 바로 앞이라 편했고 낮에는 카카오택시도 잘 잡혀서 좋더라구요 객실 크기는 사진이랑 똑같았어요,5,2023.08.28
아주 편하게 잘 이용하고 갑니다!🧡🫶🏻🧡직원분들 쏘 카인드하시고 좋았어요!전신거울이 없고 고데기하면서 거울을 볼 수 없는 콘센트 위치라 조큼 아쉬웠습니다!,5,2023.06.08
스위트객실 이용했는데 가격대비 너무 만족했습니다.객실 컨디션도 완벽했고 특히나 곽지해수욕장이 보이는 뷰가 끝내줬습니다.재방문의사 120% !!!!!!!,5,2022.10.08
다시 방문 의사드는 곳입니다특히 여 직원분 친절함은 굿!!테라스 뷰는 또 좋아요ㅎ테라스 중문이 좀 잘 안열림,5,2022.01.31
곽지해수욕장을 온다면 무조건 여기에요 작년에 이어 두번째 연박했습니다. 해수욕하고 놀며 쉬기에 최고입니다.,5,2024.07.31
방이 조금 작다는 생각은 들었지만 청결하고 오션뷰에 통창이여서 아주 좋았습니다. 직원분들도 너무 친절하시고 아침 조식도 아주 좋았습니다.,5,2024.04.22
직원분이 너무 친절하구 이가격대에 이퀄리티 오션뷰는 장난아닌 가성비에요. 냉동실이 살짝 아쉬운것 빼고는 다 조았어요!!,5,2024.01.24
버스 접근성도 좋고 택시도 잘 잡히는 위치입니다. 바다가 보이는 좋은 조망과 깔끔한 어메니티영어도 가능해서 호텔로서 딱 이었어요,5,2023.04.25
곽지해수욕장에서 아주 가까워서 물놀이 하러가기 딱 좋았습니다! 직원분들도 친절하시고 깔끔한 숙소에 바다뷰도 좋았습니다~~~,5,2024.09.09
제주도 여행중  최고의 호텔 이였습니다직원분들 매우 친절 하고 룸컨디션도 매우 좋았습니다강추드립니다,5,2022.04.16
직원도 친절하시고 냄새도 안나고 청결하고모든 면이 마음에 들어요나중에 또 애용하고싶어요~~~~,5,2022.03.20
직원분들도 너무너무 친절하시고 객실도 너무 훌륭했어요 오션뷰도 너무 좋았고 통창으로 탁트인 전망이 너무 좋았네요 다음에도 이용 할 생각있어요~,5,2023.03.12
괜찮은것 같아요 단지 침대 옆에 책장이 많이 거슬리고 구멍이 중간 중간 뚫려있어서 신경쓰이는거 말곤 완벽했어요,4,2023.08.28
친절 하셔서 너무 좋았어요 아쉬운건 너무1층이라 창문을 거의 커튼만 치고 지낸게 아쉬워요 청결도는 너무좋앗고 요청하지않아도 어메니티 채워주셔서 좋았어요!,5,2022.08.28
"뷰가 정말 좋았어요~연박했는데 청소도 잘해주시고 친절해요^^ 다만 이튿날 룸의 와이파이가 잘 안잡혀서 옆방걸로 이용했어요^^,,",5,2024.05.12
직원분들 친절하셔서 너무좋아요!!시설도 깔끔하고 조용하니 진짜 잘쉬다갑니다ㅎㅎ다음 제주여행도 다시 방문할게용,5,2023.06.19
1층인데도 반층이 높아서 좋았어요~사진처럼 바다도 보이고~직원분들 친절하셨어요~,4,2023.05.03
나쁘진않아요. 바로앞 바닷가 먹을게 다있어서 편하긴해요. 더러운곳보단 돈좀더주고 오는게낫음,5,2022.10.07
"제주에서 묵은 첫 호텔.덕분에, 제주에 대한 첫 인상도 애월에 대한 첫 인상도 너무 좋았습니다.",5,2022.08.12
곽지해수욕장이 바로 앞이라 물놀이하기에도 좋고 주변에 편의점이랑 치킨집있어서 오가며 들르기 좋아요,4,2023.06.07
뷰가 좋았어요 깨끗하고 잠도 편하게 푹 잤어요^^통유리창이 깨끗했음 하는 아쉬움이있었어요,5,2022.12.21
너무좋았습니다 곽지해변과 가깝고.직원분들 친절하고  청결했으며재방문의사있어요 ♡,5,2022.05.26
룸상태 좋고 시스템 좋고 장소 좋고 단골이 되었습니다 룸상태 좋고 시스템 좋고 장소 좋고 단골이 되었습니다 룸상태 좋고 시스템 좋고 장소 좋고 단골이 되었습니다 룸상태 좋고 시스템 좋고 장소 좋고 단골이 되었습니다,5,2023.12.25
뷰가 좋았고근처에 식당도 많아서접근성도 좋았습니다.프론트 직원이 친절해서기분 좋았습니다,5,2023.05.08
인테리어도 너무 좋고 직원분들도 친절하고뷰맛집이네요 무엇보다 해변이 가까워서너무 좋았어요~,5,2022.08.04
좋았어요~~~ 오션뷰인네 2층이라 오션이 잘 보이진 않아요 그건 아쉽습니다 바다냄새도 나고 좋습니당 !!!,4,2022.03.23
"화장실. 침대상태. 너무 깨끗하고,  내부 그림. 조명등도 좋았습니다. ~~^^ 위치도 좋고, 인근 고기국수집도 추천해 주셔서 맛있게 잘 먹고 갑니다. 다음에도 제주 가면  꼭  재 예약 . 방문 예정요~~^^",5,2023.09.03
프론데스크 직원분들 모두친절객실 컨디션 생각보다 좀 작은거빼곤 뷰 청소상태 모두 좋았음(전기 아울렛 상태 헐렁하던데 얘기한다는게 깜빡)앞에 과물치킨집있어서 매일 사다먹음 편의점도 바로앞에있어 매우 편리애기있는 사람들은 앞 해수욕장에서 놀기너무 편함다음에 애월가면 무조건 또 감,5,2024.07.24
뷰가 너무 좋았어요 근데 예약할때 룸 사진은 카펫이 아닌 그냥 마루바닥 같은거라서 아기랑 같이 묵을꺼라 일부러 방 바닥을 보고 골라서 여기로 예약한건데 막상 입실하고 보니 바닥이 카펫이어서 당황했네요 연박이었는데 중간에 청소해주실때 바닥은 청소를 안해주셨는지 빵가루가 그대로 였어요.. 날씨가 좋았다면 뷰가 너무 좋아서 그래도 괜찮았을텐데 하필 강풍주의보가 떨어져 바닷바람소리가 너무 커서 아이와 잠을 설치긴 했어요 아마 테라스 때문에 창이 1개 뿐이라 방음이 잘 안된거같아요 그런것만 빼면 카운터 직원분들도 친절했고 주차장도 괜찮았고 뷰도 괜찮았고 바로 앞에 편의점도 있고 괜찮았어요,4,2023.11.26
직원분들. 짱친절해요.2박꿀잠잤어요^^외관이 노후되긴했지만곽지해수욕장 코앞이고아침수영도하고 완벽했습니다~~!다음에도 올게용!!!!,5,2024.08.16
직원분들도 친절하시고 방도 깨끗해서 좋았습니다.전망은 사진에서 보던 것보다 더 좋았고요,5,6일 전
곽지해수욕장 바로 앞이여서 뷰도 좋았고 산책길도 잘되있어서 좋았습니다. 침대도 더블로 두베드가 있어서 친구랑 편하게 잤고 매트리스도 너무 딱딱하거나 푹신하지 않아서 허리가 아프지 않았습니다. 방이 조금 좁은 편이긴 하지만 지내기에 불편한 정도는 아니였습니다. 위치도 애월과 가까워서 서쪽으로 여행코스를 계획하신다면 다니기도 좋을 것 같습니다. 주차장도 여유가 있었습니다!,5,2024.06.11
곽지해수욕장 에서 가까워 잡았는데 비가 와서 파도도 높고 날이 흐려 못 놀아서 참아쉬운 숙소입니딘,4,2024.07.28
뷰 좋음.편의점 가까움.객실 깨끗함.직원분들 잘 웃어주심.수건 4개 있는데 추가시 금액 지불해야됨.수건 돈 받는 곳 첨 봄.그거 말고는 다 좋음.,4,2024.10.22
바갓가 앞이라 해수욕하고 오기 너무 좋앗고 숙소도 청결했습니다!직원분들 너무 친절하셧어요!,5,2024.07.21
곽지해수욕장이랑 가까워서 넘 좋았고 숙소 주변에 식당들도 있는데 맛이 괜찮았어요 주차도 편했습니다,5,2024.07.28
"우선 사모님(?)이 웃으며 인사를 해주셔서 너무 기분이 좋았습니다. 객실이나, 상태는 일반적이였구요. 다만 아기 침대가드를 요청했었는데 없다고 하시더라구요, 대신 저렇게 침대를 붙여주셔서 아주 편안하게 아이와 잘 수 있었습니다. 다만, 에어컨을 통한 공기 난방이기 때문에 조금 건조할 수 있어요~",5,2024.03.24
기대이상으로 좋았어요뷰도좋구 시설도 깔끔하고 좋았어요다음에 또 이용하고싶어요,5,2024.02.14
사진이 없긴 한데 그냥 호텔 느낌보단 조금 모텔~호텔 같구요 창문 쪽에 창틀? 이런데 먼지가 꽤 있어서 아쉬웠어요 그래도 가성비로 괜찮고 잘 때 방음 잘 되는 게 중요한데 방음은 좀 되는지 조용히 잘 잤어요 화장실 깨끗해서 좋아요 수압도 세고! 호텔 주차장에 전기차 충전하는 자리 없어서 아쉬웠고 호텔 주변에 전기차 충전할 곳이 몇 군데 있는데 거의다 이용하기 힘든 곳이라 좀 아쉬웠어요ㅠㅠ,4,2023.02.24
약간... 처음에 문제가 있었으나해결해주시는 모습이 참 친절했습니다.스위트룸은 정말 30평 아파트 같았어요.이번에 신축아파트 입주하는데 저희 아파트보다 좋더라구요..거실에 소파에 티비도 크고 방마다 티비있고 온도도 방마다 조절되서 따뜻하게 잘 잤습니다.,5,2024.02.05
근처에 해수욕장을 제외하면 밥집이 많지 않아서 그건 고려하고 오셔야 할듯 합니다.  다만 가까이에 애월빵공장이 있어서 거기 방문의사가 있으시다면 1박을 해보는것도 좋을 듯 합니다^^,5,2023.07.26
"친절하시고 방 깨끗했어요~ 바닥이 카페트이긴 하지만,,,테라스에서 맥주라도 한잔할라고 일부러 테라스 있는방으로 골랐는데, 어쩐지 테라스 있는 방인데 왜 더 저렴하지 했더니, 1층과 2층이네요. 좀 더 잘 알아봤어야 했는데, 그래도 2층으로 신경써서 주시더라구요~날춥고 바람엄청 불어서 테라스도 못 써봤어요... 생각이 짧았어요....ㅜㅜ 그래도 겨울인데..ㅜㅜ지에스 편의점이 가까워요~애월까페거리에서 10분내외?배민켜보니 애월까페거리쪽에 있는 식당들이 배달범위더라구요~",5,2023.02.10
"곽지해수욕장 바로 앞이라 해수욕하는데 접근성이 좋아 매우 만족스러웠어요!숙소 위치가 해변이 바로 보이는 곳이라 바다가 보여 좋았고, 작은 테라스도 있어서 젖은 옷 말리는데도 용이했어요.침구, 티비 등등 시설이나 청결도는 매우 만족스러워서 하루 편하게 잘 지내다 갑니다!한가지 아쉬운 점은 늦은 퇴실 패키지로 예약했고 체크인때도 확인했는데 침실 청소해주시는 분께 전달이 되지 않았는지 퇴실 시간 전에 마스터키로 문을 열고 들어오셔서 매우 당황스러웠습니다ㅠㅠㅠ다음엔 이런 일이 생기지 않도록 잘 체크해주시면 좋을 것 같아요",4,2022.08.06
오전 오후에 계신 분은 매우 친절하셨는데새벽에 계신 분은 뭐 때문인지 굉장히 쌀쌀 맞으시더라고요시설이나 뷰는 좋았습니다바다뷰도 보이구요 ~,3,2023.10.13
곽지해수욕장 인근에 위치해 있어 어린 자녀들이 놀기에 좋을 것 같아요.저희는 아이들이 커서 숙소인근에서 놀지 못하고 차로 이동해 놀고 오는 불편함이 있었네요,3,2023.08.21
여사장님이 너무 친절하시고 업텐션이셔서 숙소에 대한 평가가 높아집니다. 근데 오션뷰로 예약하기엔 바다가 좀 거리가 있고 3층이라 잘 보이지도 않아서 가성비가 좀 떨어진다는 생각이 있네요. 바닷가라 약간 짠내가 호텔 자체에서 나긴하는데 객실 안에서는 안나서 좋았습니다. 객실 내부는 청결하고 만족한 숙소였습니다.,5,2023.09.01
"가족끼리 성인 4인이 묵었어서 더블침대 2개있는 일반룸했는데 사이즈가 뭘 시켜먹는다거나 뭘하긴 좀 작고, 어차피 제주관광을 위주로 하면 어차피 늦게 들어가기 때문에 딱 잠만 자기 괜찮은 것 같아요. 담에 가면 테라스 있는 방으로 해야겠어요 ㅎ.ㅎ 하지만 아침에 일어났을 때 보이는 뷰와 방의 청결도, 근처 편의점과 구경거리 등 편의성 생각하면 전체 평점결론은 좋다!! 입니당ㅎㅎ",4,2023.07.30
"전반적으로 만족합니다바로 앞 상권과 해수욕장,지하주차장이 있어 편리합니다하지만 오션뷰 창문 앞 캠핑사이트가 있어 창문을 열고 있기 꺼려집니다",3,2024.08.06
"그래도 장점은 있습니다1.뷰가 아주 좋아요2.주차장이 넉넉합니다(지하도 있음)3.편의점 ,카페 1분거리 위치4.손 뻗으면 바다 산책 가능5.금연이라 그런지 방에서 담배냄새 안남6.여자사장님? 친절함7.자는 부분 깨끗함단점1.화장실 = 곰팡이 집2.카펫 먼지 천국(결국 알레르기 약 먹었어요)3.에어컨도(히터) 위와 마찬가지4.손님의 말을 귀담아 듣지 않음5.누수로 안한 벽 곳곳에 자국 6.하수구 냄새7.냉장고 의문의 머리카락8.라면. 탕. 회 등등 냄새나는 음식 불가(어차피 안먹을ㄹ거여서 상관없었지만 알고 오셔야 편하겠죠?)9.노래방 이용불가*음식. 노래방 공지 미리 앱에 등록해놓으세요 사장님 이 호텔이 깔끔하다고 하시는 분들은 집이 진짜 더러우신가 봐요.침대는 깨끗하죠 침대만요 ㅎㅎㅎ화장실 진짜 역대급이요샤워기 물 때랑 곰팡이가 있는데요.. 물줄기 나오는 곳에 곰팡이가 더덕더덕 껴있는 건 처음봐요!물트는 손잡이 + 세면대 (보이는 곳 만 깨끗) 커튼도 ㅋㅋㅋㅋ 곰팡이...보니까 아주머니가 하시던데 일주일에 한번씩이라도 락스 해달라고 하면 청소비 더 드리나요?왜 화장실 청소 검사를 안하세요?점검도 안하시고 그냥 아 했겠지~ 하시나요?저는요 리뷰를 안써요 좋으면 땡잡은거고 나쁘면 똥 밟았다공 생각합니다 （ •́ .̫ •̀ ）근데 이런 단점들 다 참을 수 있는데요...왜 제 방에 들어요셔서 물건을 건드세요? ㅋㅋㅋ룸청소 필요 없다고 분명히 전달드렸고 그때 직원3명이 같이 들었습니다 ㅋㅋㅋㅋ 한명도 청소 아줌마한테 전달을 안 하셨다고요?....청소는 청소인데요 왜 제 물건을 건드시냐고요저는 물건위치 정확하게 기억하거든요 정말 불쾌합니다저는 이 문제만 아니면 그냥 리뷰 안쓰고 가런갑다ㅏ 했을 거예요",2,2021.11.16
5층객실 받았는데 일단뷰가 미쳤고...저녁에 펍에서 나오는 노래&파도소리 테라스에 앉아서 힐링지대루 했습니다. 직원분도 친절하게 객실들어가전에 주의사항 말해주시고 다음에도 이호텔을 찾고싶을정도로 만족스러웠습니다.,5,2022.06.08
곽지해수욕장 바로 앞에 위치하고 있어서 선택한 숙소입니다. 얼마전에 리모델링을 해서 시설이 깔끔합니다. 다만 객실 현관까지 카펫이 깔려있는 것과 샤워부스 턱이 낮아서 세면대쪽까지 물이 올라오는 것이 단점이었습니다. 그것만 제외하면 만족할만한 숙소였습니다. 직원분들도 아주 친절했어요 :),5,2022.08.23
곽지해변을 바라볼수 있어 좋았습니다. 마지막날 아이가 해변에서 노는걸 좋아하여 체크인 11시에서 2만원 비용주고 2시간 연장을 하였습니다 혹시나 수건이 모자를까 요청을 드렸는데 안된다고 하시네요 비용을 내야한다고 3박을 여기서 다묵었는데 단천원이였지만 그거때문에 기분은 좋지않았습니다.,3,2022.09.05
직원분들도 친절하시고 대부분 좋았는데 방음이 전혀 안되는지 일요일아침7시부터 옆방 애기가 자지러지게 우는 소리에 깼어요 하아 ㅠㅠ 푹쉬러온건데 4시간자고 나왔네요...,3,2022.03.21
"문을 열고 들어가서 첫느낌은..첫눈에 반함.ㅎㅎ곽지해변의 푸른바다와,  세련되고 깔끔한 방컨디션에도 이호텔의 선택은 정말..잘했다는거.^^주변에 맛집이 있어서 더더욱 즐겁게 보내고 왔습니다.감사합니다.",5,2022.04.21
나쁘지 않아요 친절해요칫솔같은 어메니티 다 있어요 긍데 넷플릭스나 티비 다시보기 기능도 없웃우요 제일 작은 방이긴 했어용 침대가 좀 딱딱 햇어요 오히려 좋은 분도 계실지도?,3,2024.02.29
"위생, 청결 부분에서 최악이여도 괜찮으신 분들 가셔요..여기저기 찍는것도 거북해서 커텐에 있는 얼룩 딱 한 부분 찍었는데... 여기말고도 굉장히 얼룩들 많구요..화장실은 곰팡이 천국이고 수건에도 먼지투성이여서 씻고 나와서 닦으면 먼지들이 몸에 붙어있구요..하하",1,2021.12.18
호텔은 깔끔하고 좋았는데 호텔에도 그주변에도 갈만한데가 별로없고 오션뷰이긴한데 그사이에 주차장이 길게있어서 딱히 오션뷰의 느낌도 별로 없었던것같아 아쉬웠어요. 진짜 딱 잠만자는 호탤로 작당한것 같아요,2,2023.02.23
"화장실만  최고  그래서 별1개...  객실의  메트리스와  천장은 최악의 숙소였어요ㅜ.. 더블침대 2개여서 좋아했는데,  침대 메트리스는 꺼지고, 누우니 등쪽은 배겨서  잠을 자기 힘들었어요..불을 켜고  천장을 보니, 호텔  천장이  노출  컨셉인가봐요.. 콘크리트인지  합판인지  사진과 같은 천장 마감이었어요.. 많은 숙소를 다녀본것은 아니지만, 이런 메트리스와 천장마감은 경험해본적 없었네요...밤에 직원분에게  메트리스에 대한  불만을 제기했지만,    빈방도 없고,  메트리스  큰 문제는 없어 보인다,  그저 미안하다,  호텔 후기도  좋으며  메트리스 불만제기한  손님없었다,  가장 저렴한방이다 (8만원대)라고   대처하심..꺼짐이 덜하고, 등이 덜 배긴  가장자리에서 밤새  겨우  잠을 청하고  퇴실할때  로비에서  직원을 찾았지만,  로비엔  아무도 없었음....두번 다시 찾고 싶지 않은  숙소였음 ㅜ...",1,2023.10.29
"주차 하나는 쉽고 방음 잘되는 편같아요. 생각한것보다 너무 모텔 느낌이었어요. 콘센트도 침대에서 멀리있구요. 오션뷰라지만 바다가 조금 멀리 있는 오션뷰고, 프론트와 같은 건물이 아닌 옆동으로 무거운 캐리어를 옮겨가야했습니다. 이점은 좀 번거로웠어요. 아침에 체크아웃 해주신 여자 사장님?은 엄청 친절하셨어요!",2,2023.11.13
아..오션뷰라고해서 ..  ㅋㅋ잡았는데 하...네. 오션 ..뷰...입니다.그리고청결하진않습니다.,1,2024.05.19
입실 후 에어컨을 가동하였는데 더웠습니다. 전화로 문의 드렸더니 30분정도 더 있으면 시원해질거라고 말씀해주셔서 기다렸습니다. 그러나 시원해지지 않아 다시 전화드리니 나이든 남자직원분께서 방문해주셨습니다. 그러나 문제가 없다며 커튼치고 햇빛이 없는 저녁이 되면 시원해질거라 하셨습니다. 애초에 오션뷰를 예약했는데 왜 커튼을 쳐야하는지도 의문이지만 더위가 우선이라 커튼을 치고 생활했습니다. 에어컨을 가동한채로 밖에서 저녁식사를 하고 돌아왔는데도 더웠습니다. 다시 문의드리니 선풍기를 가져다드리겠다고 하셔서 알겠다고 했습니다. 젊은 남자 직원분께서 친절히 에어컨 상태도 봐주시더니 에어컨 필터도 세척해서 다시 주셨습니다. 추후는 시원해졌지만 사장님의 태도에 실망스러웠습니다. 덥다는 문의를 많이 받으신다고 했는데 그럼 대책이 필요할 것 같습니다. 남자사장님께서 젊은 직원분께 일을 떠맡기는 것 같고 회피하시는 것 같아 다소 별로였습니다. 쾌적하고 좋은 서비스를 바라시는분껜 비추천 입니다.,1,2023.06.15
방도 사진대비 엄청좁고 자는데 알수없는 소리 (냉장고 전기흐르는잡소리) 그리고 방컨디션이 최악수준 곰팡이냄새도 많이납니다.. 사진만보고 평타수준이라도 기대했는데 이런방이무슨 10만원을받나요 ㅎㅎㅎ,1,2023.08.09
부모님 대신 예약해드렸는데화장실 수압이 너무 약했다고 하네요변기수압이 약해서 물 두번 이상 내렸고 욕조에서 샤워후에 물이 안내려가서 찝찝했다고 합니다양치하는데도 양치 물도 잘 안내려가고..재방문의사 없어요..,3,2022.10.03
괜찮습니다.직원분들도 친절하세요,4,2024.10.22
위치도 좋고 숙소 컨디션도 좋아요!,5,2024.10.20
시설이 깨끗하고 화장실 비데가 아주 좋아요~~,4,2024.10.16
좋아요 ~~~~~~~~~,5,2024.10.14
무엇보다 뷰가 좋았고 바다가 가까워서 좋아요.주변에 맛집도 많습니다.,4,2024.10.05
잘쉬다갑니다~~~!!!,5,2024.10.04
매우 친절하시고 필요한 것들이 잘 갖춰져 있습니다. ^^,5,2024.09.19
휴식하기 좋았습니다 다시 또 오고 싶어요~^^ 전체적으로 다 좋았습니다~,4,2024.09.19
깔끔하고 바다와 가까워서 놀기 좋았어요 역시 제주도는 👍,5,2024.09.09
바다뷰가 좋아요직원친절하고 가성비는굿입니다,5,2024.09.05
경치도 좋고 방도 깨끗해서 좋았어요,5,2024.09.04
곽지해수욕장 앞에 있는 숙소라 편하고 좋아요.,5,2024.08.29
바다에서 가깝고 나름 뷰도 있어서 잘쉬다가 왔습니다.,4,2024.08.23
앞에 바다가 바로 있어서 너무 좋았어요,5,2024.08.10
첫날부터 직원분들이 너무 친절하셨어요. 잘 놀다가 돌아 갑니다.,5,2024.08.08
잘쉬다갔어요 만족합니다.,5,2024.08.03
뷰가 장난아닙니다.해수욕장도 근접해서 너무좋습니다.음식점도 많고 또 방문할래요,5,2024.07.27
곽지해변이랑 가깝고 시설 넓고 좋아요,5,2024.07.24
3일동안 너무 편하게 머물렀습니다:),5,2024.07.20
ㄹㅇ뷰맛집임 침대도 완전 푹신하고 일어나서 체크아웃하기 싫을정도로 아침뷰가 너무예쁨..,5,2024.07.20
곽지해수욕장 바로앞에있어서 좋았어요,5,2024.07.09
직원분이 매우친절하고 뷰가 끝내주네요,5,2024.06.20
숙소가 깨끗하고 편의점ㆍ곽지해수욕장이 바로 앞이라 좋았어요^^잘 쉬고 왔습니다~,5,2024.06.20
위치며 뷰며 최고입니다 다시 방문할께요 쵝오 !!!,5,2024.05.19
깨끗하고 아늑하고 친절하시고 좋앗습니다,5,2024.05.11
청결하고 직원들도 친절하고 좋아요,5,2024.04.24
친절하시고 숙소도 아늑하고 뷰도 좋았어요,5,2024.04.21
.....,4,2024.04.17
친절하고 좋았어요 편하게 쉬고 바다도 바로 앞이라 좋았습니다,5,2024.04.08
너무 좋은 뷰에 위치도 좋고 깨끗햌ㅅ습니다!,5,2024.04.02
좋아오 잘 즐기다 갑니나,5,2024.03.27
방이 깔끔하고 뷰도 좋았습니다. 직원분들도 친절하시고요.잘 지내다 갑니다.,5,2024.03.17
좋았어요  sogood,5,2024.03.07
전보다 많이 노후된 느낌이에요히터가 천장에서 바로 나오니 건조했어요,3,2024.03.06
좋았습니다,4,2024.02.17
오션뷰 짱입니다😍,5,2024.02.14
너무 만족스러워요!! 가격도 그렇고 방 컨디션도 그렇고^^,5,2024.02.11
엄청 친절하세요 깔끔하고 좋습니다,5,2024.02.06
앞에 곽지 해수욕장이 보여서 좋았습니다!,5,2024.02.05
바다뷰 좋고 이뻐요,5,2024.02.03
방도 깨끗하고 사장님도 엄청 친절하세요,5,2024.02.02
2층이고오션뷰라좋았어요  나중에 다시가고싶어요,5,2024.01.29
잘쉬다가갑니당,5,2024.01.24
직원분들이 너무친절 하세요공항에서도 멀지도 않고 좋아요,5,2024.01.22
조용했어요,4,2024.01.14
잘놀다갑니다,5,2024.01.11
좀 춥습니다...,5,2023.12.26
작년에 이용하고 재방문인데 여전히 좋았어요 ~!,5,2023.12.09
남친이랑 첫 제주도 여행이었는데 숙소도 넘 깨끗하고 좋았어요 ◡̈ 감사합니다 ◡̈,5,2023.12.07
아주굿. 해변도 바로,4,2023.12.01
합리적인 가격에 잠깐 머물기 좋아요,3,2023.11.29
가성비 좋아요~^^,5,2023.11.28
좋은 숙소였슴니다,5,2023.11.28
약간 공간은 좁아보이나 불편함은 없네요. 침대가 편해서 아주 만족합니다.,4,2023.11.25
친절하시고 전반적으로 깨끗한편..~,3,2023.11.23
숙소ㆍ렌트  괜찮았습니다,4,2023.11.20
친절하지만 시설대비 가격이 비싼편이다,3,2023.11.12
넘좋았어요~~,5,2023.11.06
오 만족해요 싸고 잘잤어요 깨끗행ㅂ 직원들 모두 친절하시고.위치도 좋고 강추해요,5,2023.10.26
주변 맛집 도보권에있고 청결해서 좋았어요,5,2023.10.21
바다뷰가 아주좋고 깔끔하고 편안한 숙박이었습니다.,5,2023.10.20
너무 만족스럽네요 직원분들도 친절하고 위치도 대박이에요,5,2023.10.16
깨끗하고 친절해서 좋았어요또 이용의사 있습니다.,5,2023.10.03
바다 코앞이라 즐길거리많고 잘쉬고 잘 잤습니다. 숙소 깨끗하고 좋았네요,5,2023.10.01
급하게 잡았는데 너무친절해셔요~%,5,2023.09.30
너무너무 최고였서용,5,2023.09.28
뷰도 좋고 룸도 꽤 넓고 좋았어요.,5,2023.09.28
잘쉬다갑니다~,5,2023.09.24
너무너무좋았어요,5,2023.09.18
바다뷰로 바꿔주셔서 좋았어요~ 넷플릭스만 되면 더 좋을 것 같아요~,5,2023.09.09
잘머물다가요,3,2023.09.07
제주도 첫날숙소로 잘다녀왔어요^^!,5,2023.09.01
숙소 깨끗하고 직원분들 친절하시고 뷰가 정말 좋아요!,5,2023.09.01
다음에 또 오고싶어요! 해수욕장도 바로 앞에 있고 숙소도 너무 좋아요,5,2023.08.28
바다앞이넘 좋았어요 직원들도 넘 친절하시구여~,5,2023.08.26
친절하시고 아주좋아요,5,2023.08.25
"곽지해수욕장 바로 앞이어서 물놀이 하기 편하네요, 직원 모두 친절하고 객실 청결합니다.",5,2023.08.20
위치도 좋고 뷰가 너무좋습니다강추합니다 땅봉,5,2023.08.07
너무좋아요,5,2023.08.06
바로 앞에 해수욕장이 있어서 편리했어요,3,2023.06.26
제주도 첫날 숙소였는데 완전 좋았습니다❤️😍,5,2023.06.20
네 좋네요 이므라히모비치,5,2023.06.18
방에서 오래된 모텔 냄새가많이났어요 이돈이면 다른데 갈거같아요..,1,2023.06.17
바닷가와 가깝고 좋습니다,4,2023.06.17
너무 만족하고 좋았습니다~~~,5,2023.06.13
직원분들 너무 친절하시고 바닷가와 접근성도 너무 좋습니다.,5,2023.06.12
너무 대 만족 합니다^^,5,2023.06.10
너무만족하고 잘자고 갑니다,5,2023.06.10
청결하고 좋읍,5,2023.06.01
생각보다 깔끔해서 좋앗습니덩,5,2023.06.01
주인분 너무 친절하시고 방도 완전 깨끗하고 좋아요,5,2023.05.31
재방문 의사 많아요. 추천합니다,5,2023.05.31
친절 청결 쾌적 또 오겠습니다,5,2023.05.29
친절하시고  깔끔해서 잘 쉬고 왔어요..,5,2023.05.27
생각보다 테라스가 좁아서 아쉬웟어요...,4,2023.05.24
후기를작성해주세요,5,2023.05.24
곽지해수욕장 앞에 있어서 좋았구요깨끗했어요,5,2023.05.23
친절합니다,5,2023.05.11
위치 정말 좋아요!,4,2023.05.10
바닷가가 인접해서 너무 좋았어여 깔끔하고!!,5,2023.05.09
만족합니다,5,2023.05.04
곽지해변은 여기가 답입니다날에 따라 다르겠지만,5,2023.05.03
